{
  "asof_week": "2025-08-15",
  "predicted_return": 0.06502905687220385,
  "direction": "UP",
  "metrics": {
    "alpha": 10.0,
    "r2": -2.8392377118260823,
    "mae": 0.08129081691592846,
    "rmse": 0.09184371393325894,
    "n_train": 124,
    "n_val": 32,
    "tscv_mean": -1.1445650244014516,
    "tscv_std": 0.6453291750646774
  },
  "top_contributions": [
    [
      "storage_dev_5y_pp_ma4",
      0.02225828304177904
    ],
    [
      "storage_dev_5y_pp",
      0.01920866385513887
    ],
    [
      "ttf_eur_mwh",
      0.01543547707793147
    ],
    [
      "wind_index_ma4",
      -0.010762346396478453
    ],
    [
      "storage_fill_pct_wow",
      0.01049885964960842
    ],
    [
      "brent_usd_bbl",
      -0.010315155114872535
    ],
    [
      "storage_fill_pct_ma4",
      0.006389221414644695
    ],
    [
      "eua_eur_t_wow",
      0.005989854896768667
    ]
  ]
}